Name,Tier 1
Beauty,
,Hair
,Makeup
,Nails
,Skin Care
Entertainment,
,Art & Design
,Books
,Games
,Movies
,Music
,Television
,Reality TV
Pop Culture,
,Actors
,Athletes
,Celebrity
,Celebrity Kids
,Models
,Public Figures
,Reality TV Stars
,Recording Artists
Lifestyle,
,Culture
,Entrepreneurship
,Family & Parenting
,Fitness & Wellness
,Food & Drink
,Money
,Relationships
,Travel
,Work
News,
,Business & Economy
,Civil Rights & Social Justice
,Crime
,Education
,Good News
,Health
,Local
,National
,Obituaries
Politics,
Sports,
Style & Fashion,
Technology,
Shop,
Wellness,